,Date,city,clouds,country code,humidity,latitude,longitude,pressure,temperature,wind speed
0,1533634394,diego de almagro,32,CL,91,-26.39,-70.05,919.15,46.22,1.25
1,1533630660,flinders,0,AU,43,-34.58,150.85,1011.0,51.8,19.46
2,1533632400,cape town,40,ZA,76,-33.93,18.42,1026.0,53.6,9.17
3,1533634395,gitega,0,BI,48,-3.43,29.93,840.77,76.01,6.96
4,1533632400,nouadhibou,75,MR,88,20.93,-17.03,1012.0,69.8,6.93
5,1533632400,hofn,90,IS,54,64.25,-15.21,996.0,53.6,29.97
6,1533634103,hermanus,88,ZA,100,-34.42,19.24,998.43,46.22,3.71
7,1533634396,palu,48,ID,60,-0.9,119.87,903.67,76.91,1.03
8,1533634396,busselton,44,AU,96,-33.64,115.35,1030.61,61.7,14.67
9,1533634397,porto walter,0,BR,97,-8.27,-72.74,1003.13,66.92,2.04
10,1533632400,punta arenas,90,CL,100,-53.16,-70.91,1010.0,32.0,3.36
11,1533634103,mataura,88,NZ,84,-46.19,168.86,999.97,38.75,2.48
12,1533634398,puerto leguizamo,92,CO,100,-0.19,-74.78,1005.4,70.43,2.26
13,1533632160,ukiah,90,US,34,39.15,-123.21,1014.0,66.2,2.15
14,1533634398,gwadar,8,PK,77,25.12,62.33,1004.43,89.33,8.19
15,1533631800,ilulissat,75,GL,37,69.22,-51.1,1009.0,53.6,19.46
16,1533633540,albany,90,US,94,42.65,-73.75,1016.0,67.95,2.37
17,1533634399,lengshuijiang,36,CN,72,27.66,111.45,978.33,86.45,2.37
18,1533632400,clyde river,1,CA,80,70.47,-68.59,1002.0,39.2,5.82
19,1533634400,haines junction,8,CA,76,60.75,-137.51,897.35,48.56,4.38
20,1533632400,new norfolk,20,AU,57,-42.78,147.06,997.0,48.2,11.41
21,1533632400,hobart,20,AU,57,-42.88,147.33,997.0,48.2,11.41
22,1533634401,chuy,0,UY,92,-33.69,-53.46,1031.66,48.83,11.88
23,1533634401,yumen,0,CN,35,40.29,97.04,844.82,84.92,8.19
24,1533634402,faanui,0,PF,99,-16.48,-151.75,1027.2,80.42,15.35
25,1533632400,sioux lookout,5,CA,100,50.1,-91.92,1015.0,50.0,5.82
26,1533631800,san vicente,0,SV,73,13.64,-88.78,1010.0,77.0,4.7
27,1533634403,waingapu,56,ID,64,-9.65,120.26,987.81,80.33,10.76
28,1533632400,arraial do cabo,75,BR,100,-22.97,-42.02,1022.0,64.4,8.41
29,1533634404,barrow,80,AR,57,-38.31,-60.23,1010.75,56.93,16.24
30,1533634404,atambua,0,ID,72,-9.11,124.89,999.97,84.02,6.29
31,1533634404,voh,20,NC,98,-20.95,164.69,1022.66,70.43,11.77
32,1533632400,saint-philippe,90,CA,94,45.36,-73.48,1012.0,71.17,4.7
33,1533632400,kaele,20,CM,70,10.11,14.45,1016.0,84.2,5.82
34,1533634405,tuatapere,76,NZ,99,-46.13,167.69,989.11,49.55,5.39
35,1533634406,shache,0,CN,24,38.42,77.24,880.24,97.34,4.61
36,1533632400,ramotswa,0,BW,24,-24.87,25.87,1020.0,71.6,4.7
37,1533632400,bredasdorp,75,ZA,66,-34.53,20.04,1024.0,55.4,11.41
38,1533634407,tiksi,0,RU,70,71.64,128.87,1011.97,56.3,11.54
39,1533632160,gushikawa,1,JP,70,26.35,127.87,1003.0,87.12,11.41
40,1533634407,swan river,8,CA,65,52.11,-101.27,966.81,62.87,7.74
41,1533632400,ushuaia,90,AR,100,-54.81,-68.31,1012.0,32.0,5.82
42,1533634408,chokurdakh,0,RU,74,70.62,147.9,1032.63,43.88,9.75
43,1533632400,bambous virieux,75,MU,47,-20.34,57.76,1022.0,77.0,5.82
44,1533632400,souillac,48,FR,74,45.6,-0.6,1010.0,80.6,16.11
45,1533632400,birjand,0,IR,15,32.86,59.22,1013.0,91.4,20.8
46,1533634409,kaitangata,92,NZ,67,-46.28,169.85,999.24,46.22,9.53
47,1533634409,kudymkar,32,RU,65,59.01,54.66,993.0,74.93,12.44
48,1533632400,mahebourg,75,MU,47,-20.41,57.7,1022.0,77.0,5.82
49,1533633600,roald,75,NO,93,62.58,6.12,1009.0,60.89,3.36
50,1533634410,rikitea,76,PF,97,-23.12,-134.97,1033.77,75.2,1.7
51,1533633600,brae,20,GB,76,60.4,-1.35,1005.0,57.42,12.75
52,1533634411,ponta do sol,68,BR,93,-20.63,-46.0,930.58,55.58,2.59
53,1533632400,ribeira grande,40,PT,64,38.52,-28.7,1027.0,71.6,4.7
54,1533634412,bluff,0,AU,26,-23.58,149.07,1007.43,58.28,6.62
55,1533632400,comodoro rivadavia,0,AR,99,-45.87,-67.48,1011.0,46.4,6.93
56,1533634412,tabuk,92,PH,95,17.41,121.44,926.12,71.42,1.25
57,1533632400,nikolskoye,20,RU,63,59.7,30.79,1010.0,66.2,17.9
58,1533634413,beringovskiy,80,RU,100,63.05,179.32,1021.12,50.27,3.71
59,1533632400,wadi maliz,40,TN,74,36.47,8.55,1014.0,81.79,3.27
60,1533634414,namibe,0,AO,100,-15.19,12.15,1026.15,64.13,5.17
61,1533634414,atuona,76,PF,99,-9.8,-139.03,1025.66,79.88,21.83
62,1533634414,saldanha,0,PT,64,41.42,-6.55,954.33,68.27,9.19
63,1533634415,castro,24,CL,95,-42.48,-73.76,1016.18,32.9,2.59
64,1533630600,victoria,75,BN,74,5.28,115.24,1005.0,83.23,3.36
65,1533631980,bethel,90,US,87,60.79,-161.76,1011.0,53.6,11.41
66,1533634416,tezu,36,IN,86,27.93,96.16,872.95,75.65,0.69
67,1533634417,hithadhoo,24,MV,100,-0.6,73.08,1022.91,81.77,8.63
68,1533634417,butaritari,92,KI,100,3.07,172.79,1022.42,82.58,3.6
69,1533632160,newnan,1,US,94,33.38,-84.8,1020.0,74.59,2.26
70,1533632400,olinda,75,EC,78,-2.03,-79.75,1009.0,71.6,8.05
71,1533632400,port hawkesbury,90,CA,93,45.62,-61.36,1014.0,64.4,5.82
72,1533634418,zabid,12,YE,60,14.2,44.5,780.86,72.5,5.95
73,1533634419,cabo san lucas,56,MX,100,22.89,-109.91,1015.69,82.13,6.29
74,1533634419,aleksandrov gay,0,RU,36,50.14,48.57,1017.96,91.22,10.2
75,1533634419,port alfred,0,ZA,88,-33.59,26.89,1022.42,57.83,25.19
76,1533628800,gambang,75,MY,70,3.71,103.09,1005.0,89.6,5.82
77,1533634420,jamestown,76,AU,67,-33.21,138.6,968.27,50.54,14.9
78,1533632160,hilo,90,US,83,19.71,-155.08,1016.0,67.06,13.22
79,1533632160,oshkosh,75,US,88,44.02,-88.54,1016.0,64.0,8.05
80,1533634421,atikokan,0,CA,94,48.76,-91.62,981.0,48.38,2.37
81,1533634421,qiqihar,0,CN,75,47.35,123.91,1002.64,78.17,4.27
82,1533634421,cidreira,0,BR,95,-30.17,-50.22,1024.12,49.46,10.31
83,1533634422,hunchun,92,CN,99,42.86,130.36,992.27,65.03,6.29
84,1533632880,salinas,90,US,93,36.67,-121.66,1014.0,54.99,9.17
85,1533634422,panaba,0,MX,92,21.28,-88.27,1024.93,74.03,2.59
86,1533632220,ahuimanu,90,US,69,21.44,-157.84,1015.0,78.78,8.05
87,1533632100,avera,1,US,100,33.19,-82.53,1021.0,72.32,2.48
88,1533634423,marystown,92,CA,99,47.17,-55.16,1022.42,59.0,8.63
89,1533632400,lebu,75,ET,68,8.96,38.73,1028.0,66.2,9.17
90,1533634424,guerrero negro,56,MX,98,27.97,-114.04,1011.48,68.63,2.93
91,1533633120,chapais,90,CA,100,49.78,-74.86,1011.0,57.2,9.17
92,1533634424,mar del plata,36,AR,100,-46.43,-67.52,1001.59,34.16,7.18
93,1533634425,puerto ayora,88,EC,100,-0.74,-90.35,1017.07,69.53,13.78
94,1533634425,dikson,68,RU,80,73.51,80.55,1021.61,49.55,18.7
95,1533634426,tuktoyaktuk,48,CA,95,69.44,-133.03,1016.34,42.8,7.85
96,1533632400,camacha,75,PT,69,33.08,-16.33,1019.0,73.4,10.29
97,1533632160,greenville,1,US,94,34.85,-82.4,1020.0,70.81,3.36
98,1533632160,kapaa,90,US,83,22.08,-159.32,1017.0,76.86,17.22
99,1533634427,gobabis,0,NA,26,-22.45,18.97,866.95,74.84,8.19
100,1533632400,cabedelo,20,BR,94,-6.97,-34.84,1017.0,71.6,5.82
101,1533634428,nanortalik,64,GL,100,60.14,-45.24,1020.47,36.5,5.84
102,1533634428,voznesenye,48,RU,100,61.02,35.48,1012.53,62.15,13.22
103,1533633600,raudeberg,75,NO,93,61.99,5.14,1009.0,60.8,8.05
104,1533632400,katsuura,20,JP,55,33.93,134.5,1005.0,87.8,4.7
105,1533634429,upernavik,92,GL,82,72.79,-56.15,1020.96,43.25,13.0
106,1533630600,kupang,75,ID,58,-10.16,123.6,1010.0,82.4,16.11
107,1533633600,broome,0,GB,47,52.47,1.45,1008.0,78.03,8.05
108,1533634430,lorengau,32,PG,100,-2.02,147.27,1020.96,80.6,4.72
109,1533634430,vaini,92,IN,100,15.34,74.49,954.49,71.33,8.97
110,1533634430,inirida,76,CO,99,3.87,-67.92,1007.59,71.24,1.92
111,1533634431,pangnirtung,100,CA,98,66.15,-65.72,994.54,40.46,6.62
112,1533632400,aguimes,20,ES,73,27.91,-15.45,1013.0,77.0,28.86
113,1533632400,cayenne,90,GF,100,4.94,-52.33,1014.0,73.4,4.94
114,1533632160,port elizabeth,1,US,94,39.31,-74.98,1017.0,74.32,7.4
115,1533632400,norman wells,40,CA,100,65.28,-126.83,1004.0,44.6,4.7
116,1533634432,urambo,0,TZ,35,-5.07,32.07,906.02,84.02,4.16
117,1533634433,port blair,92,IN,100,11.67,92.75,1017.72,81.95,26.19
118,1533632700,kodiak,90,US,100,39.95,-94.76,1018.0,68.0,8.05
119,1533634434,zyryanka,0,RU,50,65.73,150.89,1021.37,57.65,4.38
120,1533632160,kahului,40,US,74,20.89,-156.47,1016.0,74.8,13.87
121,1533634434,carnarvon,0,ZA,46,-30.97,22.13,879.92,38.57,13.67
122,1533634435,laguna,0,MX,78,27.52,-110.01,1001.59,80.6,2.37
123,1533632400,yellowknife,75,CA,93,62.45,-114.38,1001.0,59.0,6.93
124,1533633300,sao joao da barra,90,BR,93,-21.64,-41.05,1021.0,66.2,17.13
125,1533634436,husavik,0,CA,90,50.56,-96.99,996.08,61.16,10.65
126,1533632400,east london,20,ZA,44,-33.02,27.91,1018.0,59.0,31.09
127,1533634436,ondjiva,0,AO,22,-17.07,15.73,906.26,78.53,10.65
128,1533632400,avarua,75,CK,94,-21.21,-159.78,1010.0,71.6,14.99
129,1533631800,tripoli,0,GR,24,37.51,22.37,1014.0,91.4,2.59
130,1533634437,maragogi,8,BR,95,-9.01,-35.22,1022.01,72.41,7.4
131,1533632160,juneau,90,US,100,58.3,-134.42,1017.0,58.21,2.15
132,1533634438,ararat,88,AU,90,-37.28,142.93,984.65,46.58,14.23
133,1533634438,coruripe,24,BR,97,-10.12,-36.18,1029.72,76.28,13.22
134,1533634438,luwingu,0,ZM,18,-10.26,29.92,877.08,83.93,5.61
135,1533631800,saint george,20,GR,33,39.45,22.34,1014.0,89.6,4.7
136,1533632400,limerick,75,IE,76,52.66,-8.63,1010.0,57.2,10.29
137,1533632280,college,90,US,93,64.86,-147.8,1004.0,54.18,6.93
138,1533633600,boddam,64,GB,77,57.47,-1.78,1006.0,62.6,13.87
139,1533634440,jutai,0,BR,98,-1.71,-47.89,1023.8,74.48,4.83
140,1533632400,iqaluit,90,CA,93,63.75,-68.52,1001.0,42.8,20.8
141,1533634441,zhongxing,36,CN,73,32.02,116.14,1009.05,93.47,4.38
142,1533632400,vestmannaeyjar,20,IS,76,63.44,-20.27,999.0,50.0,26.4
143,1533634442,nyurba,76,RU,62,63.29,118.35,1002.97,69.26,2.82
144,1533632160,coos bay,90,US,100,43.37,-124.22,1020.0,57.2,9.17
145,1533634442,san patricio,0,PY,64,-26.98,-56.83,1019.34,48.83,5.61
146,1533634443,qaanaaq,88,GL,90,77.48,-69.36,985.62,38.3,9.19
147,1533632400,poum,20,MK,53,41.28,20.71,1019.0,75.2,5.82
148,1533631800,berlevag,75,NO,62,70.86,29.09,1002.0,51.58,23.04
149,1533634444,saskylakh,20,RU,68,71.97,114.09,1013.67,67.55,4.5
150,1533628500,lipari,0,IT,79,38.47,14.95,1015.0,84.2,6.93
151,1533632400,geraldton,90,CA,93,49.72,-86.95,1016.0,51.8,2.24
152,1533632280,dothan,1,US,94,31.22,-85.39,1020.0,72.5,5.82
153,1533634445,ahipara,0,NZ,100,-35.17,173.16,1015.29,49.55,3.71
154,1533634445,labuhan,64,ID,83,-2.54,115.51,995.51,79.61,2.93
155,1533632400,anadyr,0,RU,93,64.73,177.51,1013.0,53.6,6.71
156,1533634446,kyela,0,MW,45,-9.6,33.87,916.48,77.36,5.17
157,1533632400,georgetown,75,GY,100,6.8,-58.16,1014.0,73.4,4.7
158,1533632400,nieuw amsterdam,40,SR,94,5.88,-55.08,1014.0,74.23,11.1
159,1533634447,namtsy,0,RU,60,62.72,129.66,1008.56,68.18,3.27
160,1533634447,ormara,0,PK,82,25.21,64.64,1005.8,84.38,13.89
161,1533632400,peniche,75,PT,82,39.36,-9.38,1017.0,68.0,14.99
162,1533634448,toyo,36,PH,82,10.73,125.02,1001.75,83.93,11.1
163,1533634448,palauig,64,PH,100,15.44,119.9,987.4,78.53,7.29
164,1533634448,youkounkoun,76,GN,88,12.53,-13.12,1018.69,77.54,7.96
165,1533632400,oistins,40,BB,78,13.07,-59.53,1015.0,80.6,17.22
166,1533634449,mandalgovi,32,MN,59,45.76,106.27,869.38,75.29,3.83
167,1533634449,nioro,92,GM,100,13.79,-15.05,1024.12,76.73,4.5
168,1533634450,arlit,0,NE,69,18.74,7.39,974.03,85.1,11.1
169,1533634450,kamina,0,CD,22,-8.74,25.0,923.69,89.06,8.52
170,1533632400,hasaki,75,JP,94,35.73,140.83,1006.0,71.6,19.46
171,1533632400,sanduleni,20,RO,61,46.45,26.73,1018.0,77.0,10.29
172,1533634451,alamos,88,AR,66,-36.9,-62.36,1000.21,59.9,12.55
173,1533633600,abensberg,75,DE,42,48.82,11.85,1015.0,80.91,3.36
174,1533632160,maunabo,20,PR,88,18.01,-65.9,1017.0,80.6,3.36
175,1533632400,kaifeng,20,CN,53,34.8,114.35,1003.0,95.0,6.71
176,1533634452,posse,56,BR,50,-14.08,-46.36,938.69,75.83,7.85
177,1533634452,ginda,80,IN,98,30.69,78.49,780.86,65.75,1.48
178,1533634453,yangjiang,24,CN,99,21.85,111.96,1014.8,86.63,7.85
179,1533634453,khatanga,24,RU,92,71.98,102.47,1023.15,53.42,6.96
180,1533634454,te anau,48,NZ,76,-45.41,167.72,950.04,43.52,6.29
181,1533634454,vao,44,EE,63,59.1,26.19,1018.45,65.48,9.42
182,1533634454,karratha,0,AU,10,-20.74,116.85,1016.66,77.9,6.29
183,1533634454,ostroleka,12,PL,75,53.09,21.58,1018.2,74.75,4.61
184,1533632400,churachandpur,75,IN,83,24.33,93.67,1004.0,78.8,5.82
185,1533634455,hervey bay,24,AU,95,-25.3,152.85,1028.34,64.94,7.63
186,1533632400,bonoua,75,CI,74,5.27,-3.6,1016.0,78.8,12.75
187,1533632940,mayo,90,CA,93,63.59,-135.9,1003.0,55.4,2.59
188,1533634456,badou,68,TG,80,7.58,0.61,983.03,76.28,9.53
189,1533633600,mehamn,75,NO,76,71.03,27.85,1003.0,51.28,13.87
190,1533634457,airai,8,TL,43,-8.93,125.41,946.55,77.72,1.81
191,1533632400,coihaique,0,CL,90,-45.58,-72.07,1013.0,28.99,5.82
192,1533632160,jacksonville beach,40,US,83,30.29,-81.39,1018.0,74.8,2.37
193,1533633300,middletown,1,US,100,41.55,-71.29,1015.0,74.07,10.54
194,1533634458,tuxpan,92,MX,95,19.56,-103.38,844.82,58.64,1.81
195,1533634458,wangqing,92,CN,100,43.31,129.76,971.19,64.22,6.85
196,1533633300,hannibal,1,US,94,39.71,-91.36,1015.0,73.4,5.82
197,1533634258,aswan,0,EG,25,24.09,32.9,995.19,100.85,9.19
198,1533634460,provideniya,80,RU,100,64.42,-173.23,1021.61,48.83,4.83
199,1533632400,fortuna,20,ES,70,38.18,-1.13,1013.0,84.06,8.05
200,1533632400,yulara,0,AU,23,-25.24,130.99,1019.0,60.8,4.7
201,1533632400,san miguel,0,AR,81,-34.54,-58.72,1013.0,53.04,3.36
202,1533634462,leningradskiy,44,RU,100,69.38,178.42,1027.69,33.44,16.13
203,1533634463,san pedro,32,AR,70,-33.68,-59.66,1025.42,54.32,16.02
204,1533632400,ponta delgada,75,PT,68,37.73,-25.67,1026.0,69.8,5.82
205,1533633600,kiruna,88,SE,54,67.86,20.23,1008.0,59.0,3.36
206,1533634464,ostrovnoy,92,RU,78,68.05,39.51,990.24,52.88,16.24
207,1533631800,salalah,90,OM,83,17.01,54.1,1004.0,80.6,11.41
208,1533634464,ust-omchug,92,RU,99,61.13,149.63,929.2,49.46,2.37
209,1533634444,padang,68,ID,100,-0.92,100.36,1016.02,77.72,2.71
210,1533632400,smithers,90,CA,63,54.78,-127.17,1018.0,62.6,2.24
211,1533634465,ancud,44,CL,84,-41.87,-73.83,1023.8,34.16,2.59
212,1533634466,toora-khem,0,RU,53,52.47,96.11,873.19,66.38,2.93
213,1533634466,goundi,44,TD,90,9.36,17.37,978.97,82.67,7.85
214,1533634466,nabire,56,ID,96,-3.36,135.5,946.79,70.97,1.36
215,1533634467,sobolevo,88,RU,100,54.43,31.9,1002.72,61.79,10.76
216,1533634285,lima,0,PE,82,-12.06,-77.04,877.08,52.52,1.59
217,1533634467,bandarbeyla,0,SO,78,9.49,50.81,1016.18,83.57,26.75
218,1533632400,grindavik,75,IS,76,63.84,-22.43,1006.0,49.15,16.11
219,1533632400,san quintin,75,PH,74,17.54,120.52,1002.0,86.0,4.7
220,1533634468,hami,0,CN,33,42.84,93.51,936.09,96.35,4.5
221,1533634468,axim,92,GH,99,4.87,-2.24,1027.61,76.82,13.0
222,1533634469,mbaiki,8,CF,76,3.87,17.99,976.14,83.03,3.04
223,1533632400,kattivakkam,75,IN,47,13.22,80.32,1002.0,95.0,11.41
224,1533634470,lobito,12,AO,82,-12.35,13.55,959.68,71.15,2.59
225,1533634470,kamenka,56,RU,50,53.19,44.05,997.05,80.33,10.54
226,1533632400,tautira,20,PF,73,-17.73,-149.15,1014.0,73.4,5.82
227,1533634471,tiptur,76,IN,89,13.26,76.47,920.04,72.32,14.12
228,1533634471,chama,0,ZM,32,-11.22,33.16,915.99,81.95,8.19
229,1533634472,marawi,92,PH,82,8.0,124.29,933.74,74.03,5.39
230,1533631800,batsfjord,75,NO,62,70.63,29.72,1002.0,50.4,23.04
231,1533634472,zhigansk,0,RU,48,66.77,123.37,1016.02,69.44,3.6
232,1533632400,alice springs,0,AU,21,-23.7,133.88,1019.0,60.8,5.82
233,1533634473,kondinskoye,0,RU,65,59.65,67.41,1008.72,76.28,8.08
234,1533634473,hambantota,56,LK,85,6.12,81.12,1017.96,84.74,20.49
235,1533634474,taltal,76,CL,97,-25.41,-70.49,871.16,45.86,1.25
236,1533633300,rockland,1,US,94,42.13,-70.92,1015.0,73.96,5.82
237,1533631800,kloulklubed,90,PW,78,7.04,134.26,1008.0,82.4,10.29
238,1533634020,north bend,90,US,100,43.41,-124.22,1019.0,56.14,8.05
239,1533632400,kamsack,75,CA,77,51.56,-101.9,1011.0,60.8,9.17
240,1533628800,oka,40,NG,78,6.04,7.09,1017.0,77.0,4.61
241,1533634476,dunedin,92,NZ,83,-45.87,170.5,977.43,40.73,4.16
242,1533634476,tual,36,ID,97,-5.67,132.75,1022.01,80.33,12.77
243,1533632400,magna,75,FR,65,43.5,0.96,1012.0,82.4,12.75
244,1533632160,west wendover,1,US,16,40.74,-114.07,1020.0,75.2,4.7
245,1533634477,wesselsbron,0,ZA,37,-27.85,26.36,889.81,55.76,14.23
246,1533632400,port macquarie,0,AU,77,-31.43,152.91,1014.0,50.0,3.36
247,1533632400,coquimbo,0,CL,100,-29.95,-71.34,1019.0,48.2,3.36
248,1533634478,inza,32,RU,42,53.86,46.36,995.51,81.23,6.17
249,1533632400,constantine,0,DZ,61,36.36,6.61,1018.0,77.0,3.36
250,1533632160,saint anthony,1,US,71,43.97,-111.68,1022.0,48.7,5.82
251,1533634479,sorong,64,ID,97,-0.86,131.25,1018.45,84.47,6.29
252,1533634479,kaeo,0,NZ,96,-35.1,173.78,1013.91,49.55,6.4
253,1533634479,dingle,92,PH,89,11.0,122.67,999.24,78.44,12.66
254,1533633300,green valley,1,US,94,40.41,-89.64,1016.0,69.39,11.41
255,1533634480,barinas,32,VE,85,8.64,-70.23,1009.94,72.95,0.92
256,1533634480,luderitz,0,NA,80,-26.65,15.16,1024.28,56.75,20.83
257,1533634481,xining,64,CN,59,36.62,101.77,745.76,68.09,5.95
258,1533634481,kolpny,0,RU,69,52.23,37.04,1000.86,75.65,10.76
259,1533632400,dobric,20,RO,54,47.25,24.13,1018.0,81.52,2.24
260,1533634482,calamar,20,CO,98,1.96,-72.65,989.11,68.36,1.92
261,1533632400,palimbang,90,PH,70,14.9,120.78,1004.0,82.98,13.87
262,1533631980,hoquiam,90,US,100,46.98,-123.89,1019.0,57.2,8.05
263,1533630600,ko samui,40,TH,74,9.54,99.94,1006.0,82.4,13.87
264,1533634483,phek,8,IN,87,25.7,94.46,898.16,79.16,2.37
265,1533632400,bathsheba,40,BB,78,13.22,-59.52,1015.0,80.6,17.22
266,1533631800,erzin,40,TR,49,36.95,36.2,1006.0,91.4,20.8
267,1533634483,biltine,36,TD,59,14.53,20.93,957.41,88.43,6.4
268,1533633300,las vegas,1,US,18,36.17,-115.15,1010.0,85.64,2.82
269,1533628800,thompson,90,CA,100,55.74,-97.86,1003.0,57.2,2.24
270,1533634485,ust-tsilma,92,RU,100,65.44,52.15,999.48,54.68,6.29
271,1533632160,anchorage,75,US,82,61.22,-149.89,1006.0,58.68,4.7
272,1533634485,okhotsk,76,RU,92,59.36,143.24,1017.8,56.66,3.38
273,1533632400,lagoa,0,PT,44,37.14,-8.45,1012.0,78.8,4.7
274,1533634200,ulaanbaatar,20,MN,25,47.92,106.92,1013.0,75.2,4.47
275,1533632400,arica,90,CL,77,-18.48,-70.32,1017.0,56.08,3.36
276,1533631800,tasiilaq,48,GL,86,65.61,-37.64,1017.0,39.2,1.12
277,1533634487,viedma,92,AR,66,-40.81,-62.99,1015.94,51.35,2.37
278,1533634487,carutapera,8,BR,90,-1.2,-46.02,1027.28,77.72,9.64
279,1533634200,muros,40,ES,77,42.77,-9.06,1018.0,64.4,6.93
280,1533633360,saint paul,1,US,100,44.95,-93.1,1015.0,62.87,2.59
281,1533632400,esmeraldas,40,BR,93,-19.76,-44.31,1022.0,62.62,4.7
282,1533631440,acapulco,75,MX,88,16.86,-99.88,1011.0,80.6,4.7
283,1533634489,kavieng,68,PG,100,-2.57,150.8,1022.01,80.78,8.3
284,1533634489,ingham,80,AU,81,-18.65,146.16,1024.28,70.43,12.1
285,1533634489,bam,0,IR,15,29.11,58.36,879.68,96.35,14.0
286,1533632400,hay river,75,CA,87,60.82,-115.79,1001.0,59.0,2.24
287,1533634490,vanimo,20,PG,100,-2.67,141.3,1022.66,83.03,14.0
288,1533634490,cherskiy,44,RU,67,68.75,161.3,1023.39,43.88,6.17
289,1533634490,kruisfontein,100,ZA,96,-34.0,24.73,1024.28,51.62,26.75
290,1533633900,den helder,0,NL,42,52.96,4.76,1009.0,76.87,3.36
291,1533634491,zholymbet,20,KZ,81,51.74,71.71,980.84,76.28,6.73
292,1533632400,buchanan,75,LR,94,5.88,-10.05,1015.0,77.0,3.36
293,1533632400,campbell river,5,CA,60,50.02,-125.24,1018.0,69.8,5.82
294,1533634492,nalut,0,LY,58,31.86,10.98,971.6,85.28,5.61
295,1533634492,ginir,8,ET,44,7.14,40.71,849.52,79.88,8.08
296,1533631800,pirgos,0,GR,51,35.12,25.72,1013.0,86.0,17.22
297,1533634493,pervomayskoye,0,RU,70,57.07,86.23,1011.07,66.02,9.98
298,1533633000,bay roberts,75,CA,93,47.58,-53.28,1018.0,59.83,4.7
299,1533634493,trincomalee,20,LK,45,8.58,81.23,1011.48,92.48,24.29
300,1533634494,sinnamary,64,GF,100,5.38,-52.96,1026.72,79.97,8.3
301,1533634494,zhanaozen,0,KZ,18,43.35,52.85,1008.48,96.62,3.15
302,1533632400,vila velha,75,BR,88,-3.71,-38.6,1015.0,77.0,6.93
303,1533632400,faya,40,SA,23,18.39,42.45,1021.0,86.0,2.24
304,1533632400,la romana,40,DO,88,18.43,-68.97,1016.0,80.6,2.59
305,1533632400,vila franca do campo,75,PT,68,37.72,-25.43,1026.0,69.8,5.82
306,1533634496,takoradi,100,GH,97,4.89,-1.75,1026.8,77.09,9.98
307,1533634496,tigil,56,RU,68,57.8,158.67,1021.61,62.33,6.85
308,1533634497,caravelas,76,BR,99,-17.73,-39.27,1032.8,76.19,9.64
309,1533632400,maceio,75,BR,94,-9.67,-35.74,1018.0,68.0,4.7
310,1533634659,srivardhan,92,IN,100,18.03,73.02,1001.27,75.65,10.2
311,1533631800,nuuk,75,GL,81,64.17,-51.74,1012.0,48.2,3.36
312,1533634659,beyneu,0,KZ,19,45.32,55.19,1021.37,97.7,7.74
313,1533633600,klaksvik,56,FO,93,62.23,-6.59,999.0,51.8,13.87
314,1533634660,sisimiut,88,GL,81,66.94,-53.67,986.76,48.56,1.92
315,1533632400,maragheh,0,IR,29,37.39,46.24,1013.0,91.4,92.16
316,1533634660,yoichi,8,JP,77,43.19,140.77,1003.86,68.27,8.75
317,1533628500,santa lucia,20,IT,65,39.93,9.66,1015.0,80.6,2.82
318,1533632400,paris,0,FR,35,48.86,2.35,1010.0,85.73,8.05
319,1533634662,balabac,88,PH,94,7.99,117.06,1017.31,85.1,24.85
320,1533634502,ballitoville,0,ZA,41,-29.54,31.21,994.05,72.32,4.38
321,1533634662,jalu,0,LY,27,29.03,21.55,1017.8,102.92,9.31
322,1533634502,goderich,88,CA,96,43.74,-81.71,997.94,68.27,7.96
323,1533634663,pedernales,92,EC,97,0.07,-80.05,993.0,72.05,3.94
324,1533632400,adrar,88,DZ,20,27.87,-0.29,1011.0,96.8,20.8
325,1533632400,quatre cocos,75,MU,47,-20.21,57.76,1022.0,77.0,5.82
326,1533632400,cap malheureux,75,MU,47,-19.98,57.61,1022.0,77.0,5.82
327,1533634664,bilibino,48,RU,57,68.06,166.44,976.3,52.25,3.38
328,1533633600,vasterhaninge,0,SE,40,59.12,18.1,1013.0,70.63,6.93
329,1533632400,qeshm,36,IR,43,26.96,56.27,994.0,103.95,11.41
330,1533634665,yerbogachen,48,RU,53,61.28,108.01,987.97,61.79,4.83
331,1533631800,pachino,0,IT,25,36.72,15.09,1016.0,87.8,8.05
332,1533631500,dingli,20,MT,69,35.86,14.38,1015.0,80.6,10.29
333,1533634665,dusti,0,TJ,37,37.35,68.68,969.57,96.08,12.21
334,1533633600,sola,40,NO,73,58.89,5.65,1010.0,68.79,14.99
335,1533632400,alofi,32,NU,64,-19.06,-169.92,1010.0,71.6,9.17
336,1533632400,antofagasta,90,CL,71,-23.65,-70.4,1017.0,57.2,4.7
337,1533634666,paamiut,92,GL,87,61.99,-49.67,1026.07,44.51,22.28
338,1533634667,codrington,0,AU,47,-28.95,153.24,1003.13,53.06,5.95
339,1533634667,kamennomostskiy,0,RU,43,44.29,40.18,964.63,85.19,3.49
340,1533634667,filadelfia,0,PY,94,-22.35,-60.04,1011.4,63.41,13.22
341,1533634618,tilichiki,32,RU,75,60.47,166.1,1013.1,56.93,6.96
342,1533634510,sao filipe,92,CV,100,14.9,-24.5,1016.91,74.84,7.4
343,1533634669,urucui,0,BR,61,-7.23,-44.56,994.13,73.76,9.42
344,1533628800,lufilufi,90,WS,65,-13.87,-171.6,1011.0,77.0,6.93
345,1533632400,port hedland,0,AU,31,-20.31,118.58,1016.0,73.4,6.93
346,1533632400,the valley,20,AI,83,18.22,-63.06,1017.0,80.6,8.05
347,1533634670,komsomolskiy,20,RU,79,67.55,63.78,990.32,63.23,5.17
348,1533633300,oneida,90,US,94,41.07,-90.23,1016.0,70.27,2.93
349,1533633000,penha,90,BR,100,-26.78,-48.65,1023.0,50.0,8.05
350,1533634671,kurmanayevka,12,RU,63,52.51,52.07,1004.99,84.02,8.41
351,1533632400,rio gallegos,90,AR,92,-51.62,-69.22,1010.0,30.2,6.93
352,1533631440,tecoanapa,75,MX,88,16.99,-99.26,1011.0,80.6,4.7
353,1533634514,loreto,0,PY,94,-23.27,-57.32,1021.12,57.65,9.98
354,1533632400,chicama,90,PE,93,-7.84,-79.15,1013.0,60.8,6.93
355,1533632400,praia,0,BR,88,-20.25,-43.81,1022.0,63.55,6.93
356,1533634515,vostok,32,RU,61,46.45,135.83,961.63,72.23,3.6
357,1533634515,moerai,92,PF,100,-22.43,-151.33,1029.88,71.78,9.64
358,1533634674,shitanjing,24,CN,70,39.23,106.34,848.71,75.74,3.27
359,1533634516,tura,12,IN,82,25.52,90.21,1001.75,86.99,2.93
360,1533634675,tambovka,0,UA,55,46.93,35.45,1020.96,89.24,4.72
361,1533634675,grand-santi,76,GF,90,4.27,-54.38,1011.72,75.11,2.82
362,1533634675,kalmunai,64,LK,54,7.42,81.82,1003.29,90.23,6.4
363,1533634675,atar,0,MR,52,20.52,-13.05,994.78,83.66,7.18
364,1533634676,demba,0,CD,57,-5.47,22.27,963.0,85.19,3.04
365,1533634676,rosario oeste,20,BR,91,-14.84,-56.43,995.75,62.6,2.71
366,1533634676,taoudenni,20,ML,39,22.68,-3.98,989.84,90.41,6.4
367,1533632400,san carlos de bariloche,75,AR,80,-41.13,-71.31,1011.0,39.2,18.34
368,1533634519,aleksandrovskiy zavod,44,RU,76,50.92,117.94,919.64,68.72,3.38
369,1533634677,aranos,0,NA,31,-24.14,19.11,897.59,57.2,6.96
370,1533633300,port huron,90,US,94,42.98,-82.44,1015.0,69.91,7.85
371,1533634200,carquefou,76,FR,54,47.3,-1.49,1007.0,78.73,6.93
372,1533631800,gizo,40,IL,58,31.8,34.94,1010.0,86.0,10.29
373,1533634678,forbes,0,AU,76,-33.38,148.01,990.24,44.33,5.95
374,1533634521,troitsko-pechorsk,68,RU,79,62.71,56.19,993.24,65.3,6.73
375,1533634521,kavaratti,80,IN,94,10.57,72.64,1021.2,83.3,23.51
376,1533634521,dubrovytsya,0,UA,74,51.57,26.57,1013.99,74.21,9.64
377,1533632400,mackenzie,75,CA,54,55.34,-123.09,1014.0,59.0,4.72
378,1533632100,vardo,1,US,94,39.62,-77.74,1017.0,71.22,4.7
379,1533634680,thinadhoo,92,MV,100,0.53,72.93,1022.91,82.76,11.32
380,1533634680,muli,92,IN,62,22.62,71.45,1002.64,86.99,13.0
381,1533634680,daloa,88,CI,90,6.88,-6.45,1001.59,72.95,5.39
382,1533634523,yekaterinoslavka,0,RU,53,54.34,72.46,1007.43,80.33,9.98
383,1533634681,pudozh,56,RU,82,61.81,36.54,1006.53,61.43,11.21
384,1533634681,watsa,56,CD,96,3.04,29.53,927.74,76.1,4.16
385,1533634682,rocha,0,UY,85,-34.48,-54.34,1014.56,44.78,7.74
386,1533634682,tanout,36,NE,90,14.97,8.88,973.62,78.62,10.42
387,1533634682,lavrentiya,32,RU,100,65.58,-170.99,1023.55,44.78,6.85
388,1533634683,richards bay,0,ZA,55,-28.77,32.06,1008.07,75.38,4.27
389,1533634683,constitucion,92,MX,95,23.99,-104.67,820.58,56.93,3.38
390,1533634683,isabela,80,PH,83,10.2,122.99,996.32,79.88,8.75
391,1533634621,san rafael,88,AR,68,-34.61,-68.33,914.86,37.22,5.39
392,1533634685,matara,56,PE,96,-13.74,-72.9,672.57,36.68,2.04
393,1533634685,severo-kurilsk,64,RU,92,50.68,156.12,1022.91,55.04,2.93
394,1533633300,worland,1,US,53,44.02,-107.96,1021.0,56.12,9.17
395,1533632400,hamilton,90,CA,100,43.26,-79.87,1014.0,69.8,3.36
396,1533634629,talnakh,64,RU,75,69.49,88.39,1007.34,51.71,8.63
397,1533633240,tolland,75,US,100,41.87,-72.37,1016.0,72.41,2.93
398,1533632400,shingu,20,JP,83,33.72,135.99,1004.0,82.4,6.93
399,1533634672,tazovskiy,88,RU,70,67.47,78.7,1017.15,62.78,18.25
400,1533634529,chegdomyn,68,RU,65,51.13,133.04,948.9,70.79,1.03
401,1533631800,goksun,0,TR,40,38.02,36.5,1007.0,89.6,18.34
402,1533634687,campamento,92,HN,85,14.55,-86.67,943.06,70.7,2.71
403,1533634531,san carlos,0,VE,81,9.66,-68.59,1001.51,73.4,4.72
404,1533632400,westport,75,IE,93,53.8,-9.52,1008.0,51.8,9.17
405,1533632400,sarakhs,0,TM,25,36.54,61.16,1009.0,98.6,11.41
406,1533632100,valmontone,20,IT,58,41.78,12.92,1015.0,84.81,3.36
407,1533634533,fengzhen,48,CN,81,40.43,113.15,884.21,76.64,4.16
408,1533634689,san joaquin,92,PH,89,10.59,122.14,999.24,78.44,12.66
409,1533634689,kambove,0,CD,29,-10.88,26.6,879.92,78.98,8.41
410,1533632400,tateyama,75,JP,74,36.66,137.31,1006.0,78.8,5.82
411,1533634517,mount gambier,92,AU,96,-37.83,140.78,1009.45,50.18,11.43
412,1533632400,melton,75,AU,62,-37.68,144.58,1009.0,53.01,10.29
413,1533634690,shirokiy,32,RU,57,53.87,39.17,1000.7,78.08,10.54
414,1533632100,whitefish,1,US,76,48.41,-114.33,1018.0,51.8,1.92
415,1533631800,narsaq,75,GL,75,60.91,-46.05,1019.0,44.6,3.36
416,1533634691,ucluelet,0,CA,85,48.94,-125.55,981.97,58.64,1.7
417,1533634536,sambava,0,MG,100,-14.27,50.17,1029.72,75.38,10.54
418,1533634692,znamenskoye,36,RU,66,57.13,73.82,1011.97,75.02,13.56
419,1533634693,bonavista,92,CA,94,48.65,-53.11,1028.74,59.45,9.64
420,1533632280,fairbanks,90,US,93,64.84,-147.72,1004.0,54.18,6.93
421,1533628800,bowen,40,AU,43,-20.01,148.25,1015.0,69.8,9.86
422,1533631800,wanning,20,AT,51,48.64,13.53,1016.0,80.6,4.7
423,1533632400,mana,0,RS,65,43.52,20.24,1018.0,76.82,2.24
424,1533634631,evensk,92,RU,100,61.92,159.24,1022.91,51.98,3.38
425,1533632400,fort nelson,90,CA,55,58.81,-122.69,1006.0,66.2,5.82
426,1533632160,jasper,0,US,100,33.83,-87.28,1019.0,69.26,2.37
427,1533633600,visby,20,SE,68,57.64,18.3,1015.0,69.8,10.29
428,1533633000,torbay,90,CA,93,47.66,-52.73,1018.0,59.9,8.05
429,1533632100,eureka,90,US,100,40.8,-124.16,1018.0,53.6,3.36
430,1533634695,vizinga,8,RU,69,61.08,50.08,994.86,66.02,9.98
431,1533634696,chutove,32,UA,63,49.72,35.17,1007.91,76.55,6.96
432,1533634541,yar-sale,88,RU,74,66.83,70.83,1012.53,61.16,15.23
433,1533634696,huarmey,12,PE,90,-10.07,-78.15,954.74,50.0,0.69
434,1533634542,telixtac,24,MX,97,18.57,-98.77,891.43,58.01,1.7
435,1533634697,along,12,IN,85,28.17,94.8,901.56,78.71,0.13
436,1533634200,saint-augustin,75,FR,69,44.83,-0.61,1011.0,78.8,19.46
437,1533634542,tevaitoa,0,PF,96,-16.78,-151.5,1026.47,80.33,14.79
438,1533634697,hargeysa,0,SO,33,9.56,44.06,875.3,85.37,16.35
439,1533632400,halifax,40,CA,100,44.65,-63.58,1013.0,66.2,6.93
440,1533634200,praya,40,ID,74,-8.71,116.27,1010.0,78.8,17.22
441,1533634544,simao,80,CN,83,22.76,100.79,875.87,73.4,2.82
442,1533632400,xiamen,0,CN,70,24.46,118.07,1002.0,89.6,8.95
443,1533634699,oktyabrskoye,0,RU,53,56.73,85.44,1009.61,66.56,6.51
444,1533634699,henties bay,0,NA,88,-22.12,14.28,1022.01,58.01,7.07
445,1533634545,kayiry,0,UA,57,46.95,33.71,1021.77,86.9,5.06
446,1533634545,australind,92,AU,91,-33.28,115.72,1017.96,58.1,11.32
447,1533633300,moorhead,1,US,93,46.87,-96.75,1016.0,57.72,3.38
448,1533634546,union de san antonio,92,MX,100,21.1,-101.97,824.96,57.74,3.38
449,1533633840,taulov,24,DK,42,55.54,9.61,1012.0,80.6,6.93
450,1533632100,saint albans,1,US,88,44.81,-73.08,1013.0,71.91,4.7
451,1533634701,charters towers,8,AU,52,-20.07,146.27,993.4,58.73,3.83
452,1533634547,ayan,48,TR,45,40.67,33.6,883.08,74.93,3.04
453,1533634701,umm kaddadah,36,SD,94,13.6,26.69,944.6,78.08,4.61
454,1533632400,slave lake,75,CA,52,55.28,-114.77,1008.0,66.2,8.05
455,1533631980,cedar city,1,US,58,37.68,-113.06,1022.0,57.2,4.7
456,1533634702,aripuana,8,BR,95,-9.17,-60.63,1012.13,71.06,2.48
457,1533633600,vaasa,0,FI,52,63.1,21.62,1010.0,66.2,9.17
458,1533632400,port moresby,0,PG,100,-9.47,147.16,1010.0,77.0,13.87
459,1533634550,zharkent,68,KZ,29,44.17,80.0,830.88,80.51,4.61
460,1533632400,inhambane,0,MZ,78,-23.87,35.38,1016.0,78.8,11.41
461,1533633600,northam,75,GB,77,51.04,-4.21,1009.0,65.95,8.05
462,1533634551,bada,44,NG,100,12.41,4.51,994.62,77.45,8.86
463,1533634551,lazaro cardenas,0,MX,45,28.39,-105.62,883.08,72.95,8.75
464,1533632400,ribeira brava,20,PT,69,32.65,-17.07,1017.0,73.4,28.86
465,1533634200,plouzane,90,FR,93,48.38,-4.62,1011.0,64.8,9.17
466,1533632400,katyuzhanka,0,UA,44,50.81,30.14,1016.0,76.03,11.18
467,1533634552,alta floresta,0,BR,75,-9.87,-56.08,999.48,74.39,3.71
468,1533634552,balaka,0,MW,54,-14.99,34.96,930.01,80.42,6.4
469,1533633300,martinsburg,40,US,94,39.46,-77.96,1018.0,70.9,2.15
470,1533634706,deputatskiy,0,RU,45,69.3,139.9,966.25,56.84,6.73
471,1533634706,tignere,68,CM,99,7.37,12.65,902.45,70.52,3.83
472,1533634554,mildura,48,AU,66,-34.18,142.16,1018.37,52.52,12.66
473,1533632400,djougou,20,BJ,83,9.71,1.67,1018.0,73.4,8.05
474,1533632400,pisco,90,PE,82,-13.71,-76.2,1014.0,60.8,2.24
475,1533634707,verkh-usugli,56,RU,73,52.7,115.17,917.37,65.12,6.06
476,1533634707,banda aceh,80,ID,70,5.56,95.32,994.38,82.67,10.09
477,1533628800,guatire,40,VE,94,10.47,-66.54,1014.0,73.4,2.37
478,1533632400,prince rupert,1,CA,93,54.32,-130.32,1020.0,55.4,3.36
479,1533634708,privas,0,FR,47,44.74,4.6,974.03,84.2,7.18
480,1533628800,puri,20,ID,51,-7.54,112.45,1008.0,86.0,10.29
481,1533634708,matay,0,EG,44,28.42,30.79,1012.37,93.38,10.87
482,1533632400,petropavlovsk-kamchatskiy,75,RU,87,53.05,158.65,1021.0,57.2,8.95
483,1533632100,trapani,20,IT,62,38.02,12.54,1015.0,84.76,9.17
484,1533634639,sitka,76,US,94,37.17,-99.65,957.17,70.43,14.0
485,1533634557,shenjiamen,0,CN,88,29.96,122.3,1017.07,84.65,10.2
486,1533634710,sur,12,OM,75,22.57,59.53,978.81,90.86,2.15
487,1533634710,dawei,92,MM,100,14.07,98.19,990.73,71.6,2.48
488,1533632220,nanakuli,90,US,73,21.39,-158.15,1016.0,78.84,4.7
489,1533634710,kangaatsiaq,92,GL,87,68.31,-53.46,1022.5,44.96,7.74
490,1533633600,skjervoy,75,NO,66,70.03,20.97,1009.0,50.83,11.41
491,1533633300,palm valley,1,US,88,26.2,-97.75,1016.0,79.56,5.84
492,1533634711,sao jose da coroa grande,8,BR,95,-8.9,-35.15,1022.01,72.41,7.4
493,1533634712,kirensk,36,RU,50,57.78,108.12,977.92,65.03,3.38
494,1533633480,marquette,90,US,87,46.54,-87.4,1017.0,56.46,6.93
495,1533634712,rosarito,12,CO,95,4.91,-75.23,864.92,55.76,2.71
496,1533634713,kuvandyk,24,RU,28,51.48,57.35,976.06,91.22,9.19
497,1533632400,lake cowichan,20,CA,87,48.82,-124.05,1017.0,57.2,2.59
498,1533634561,srednekolymsk,20,RU,65,67.46,153.71,1021.53,49.46,4.05
499,1533634562,pevek,0,RU,100,69.7,170.27,1024.04,36.95,15.01
500,1533634562,achalpur,76,IN,74,21.25,77.51,975.25,82.67,13.78
501,1533634714,udachnyy,88,RU,47,66.42,112.4,974.6,66.11,3.15
502,1533634714,mogadishu,88,SO,99,2.04,45.34,1028.82,77.36,18.81
503,1533634714,chistogorskiy,0,RU,57,53.98,87.38,983.35,74.3,3.04
504,1533634563,san-pedro,92,CI,86,4.75,-6.64,1021.2,75.38,7.96
505,1533634715,tsaratanana,0,MG,36,-16.8,47.65,978.08,84.56,3.38
506,1533632400,riyadh,5,SA,8,24.63,46.72,1006.0,107.6,17.22
507,1533632820,knysna,75,ZA,54,-34.04,23.05,1023.0,55.4,23.04
508,1533634716,biak,80,ID,86,-0.91,122.88,1006.45,79.52,7.4
509,1533632400,port hardy,90,CA,100,50.7,-127.42,1021.0,51.8,3.36
510,1533632640,fukue,20,JP,74,35.03,136.69,1004.0,86.05,3.36
511,1533634200,ambon,0,FR,61,47.55,-2.56,1007.0,78.8,6.93
512,1533633600,havoysund,75,NO,81,71.0,24.66,1004.0,49.08,19.46
513,1533632400,port-gentil,75,GA,83,-0.72,8.78,1017.0,77.0,11.41
514,1533634717,idah,32,NG,92,7.11,6.73,1010.83,78.35,7.29
515,1533634718,oranjemund,0,ZA,100,-28.55,16.43,1041.14,56.57,18.48
516,1533634567,varzea da palma,68,BR,95,-17.6,-44.73,961.95,64.13,4.61
517,1533634567,killybegs,88,IE,100,54.63,-8.45,1009.61,56.3,12.77
518,1533631140,rawson,75,AR,100,-43.3,-65.11,1008.0,44.6,3.36
519,1533634718,tessalit,0,ML,42,20.2,1.01,964.87,90.32,9.42
520,1533634719,seddon,88,NZ,100,-41.67,174.07,1007.18,51.71,7.96
521,1533634200,carballo,40,ES,77,43.21,-8.69,1018.0,64.4,6.93
522,1533632400,esperance,20,TT,88,10.24,-61.45,1014.0,77.0,6.96
523,1533634569,leh,80,IN,51,34.16,77.58,608.37,54.23,0.92
524,1533634720,micheweni,56,TZ,100,-4.97,39.83,1031.98,77.63,12.44
525,1533632160,lewiston,1,US,28,46.42,-117.02,1017.0,61.95,1.7
526,1533633300,valparaiso,90,US,100,41.47,-87.06,1015.0,69.82,3.27
527,1533632400,bubaque,40,GW,83,11.28,-15.83,1013.0,80.6,6.93
528,1533634721,buala,44,SB,87,-8.15,159.59,1014.31,80.42,8.19
529,1533632400,havre-saint-pierre,90,CA,100,50.23,-63.6,1011.0,62.6,2.24
530,1533634721,livingstone,0,ZW,26,-17.85,25.86,923.2,85.1,4.27
531,1533633600,olden,75,NO,87,61.84,6.81,1009.0,60.8,3.36
532,1533634572,esqueda,48,MX,96,30.72,-109.59,883.73,61.34,2.59
533,1533634722,tocopilla,56,CL,100,-22.09,-70.2,945.9,52.43,2.15
534,1533632400,zhuhai,20,CN,65,40.71,112.04,1010.0,78.8,6.71
535,1533632400,yamada,75,JP,74,36.58,137.08,1006.0,79.83,5.82
536,1533634573,broken hill,0,AU,53,-31.97,141.45,996.64,52.97,8.97
537,1533634723,aitape,32,PG,94,-3.15,142.36,1014.64,81.05,10.42
538,1533634724,amursk,32,RU,64,50.23,136.9,1002.16,75.2,3.94
539,1533634574,kharitonovo,48,RU,80,61.4,47.5,997.94,61.52,13.78
540,1533634574,port keats,0,AU,37,-14.25,129.55,1019.34,84.83,7.96
541,1533633600,lyngseidet,75,NO,66,69.58,20.21,1009.0,51.8,11.41
542,1533634725,gamba,8,CN,84,28.28,88.52,564.11,45.68,3.94
543,1533634725,mercedes,0,UY,92,-33.25,-58.03,1025.58,50.9,13.44
544,1533634726,saint-georges,92,CA,92,46.12,-70.67,984.89,68.9,3.71
545,1533634576,manaure,8,CO,93,11.78,-72.45,1023.15,81.32,26.42
546,1533633600,vestmanna,48,FO,93,62.16,-7.17,999.0,51.8,13.87
547,1533634726,wadi musa,0,JO,48,30.32,35.48,965.03,85.19,2.93
